<configuration>
    <appender name="STDOUT" class="ch.qos.logback.core.ConsoleAppender">
        <encoder class="ch.qos.logback.classic.encoder.PatternLayoutEncoder">
            <Pattern>
                %d{ISO8601} %highlight(%-5level) [%blue(%t)] [%green(%replace(%X{x-request-id}){'[\r\n]',
                '_'})] %yellow(%C{1.}): %replace(%msg){'[\r\n]', '_'}%n%throwable
            </Pattern>
        </encoder>
    </appender>

    <appender name="STDOUT_JSON_STRUCTURED" class="ch.qos.logback.core.ConsoleAppender">
        <encoder class="net.logstash.logback.encoder.LoggingEventCompositeJsonEncoder">
            <providers>
                <provider class="net.logstash.logback.composite.loggingevent.ArgumentsJsonProvider"/>
                <timestamp>
                    <timeZone>UTC</timeZone>
                </timestamp>
                <pattern>
                    <pattern>
                        {
                        "severity": "%level",
                        "pid": "${PID:-}",
                        "thread": "%thread",
                        "x-request-id": "%mdc{x-request-id}",
                        "class": "%logger{40}",
                        "method":"%method",
                        "line":"%line",
                        "message": "%msg",
                        "exception": "%throwable"
                        }
                    </pattern>
                </pattern>
            </providers>
        </encoder>
    </appender>

    <if condition='property("spring.profiles.active").contains("local")'>
        <then>
            <root level="info">
                <appender-ref ref="STDOUT"/>
            </root>
        </then>
        <else>
            <root level="info">
                <appender-ref ref="STDOUT_JSON_STRUCTURED"/>
            </root>
        </else>
    </if>
</configuration>