{
  "openapi" : "3.0.3",
  "info" : {
    "title" : "Stratus pending association service",
    "description" : "Generic service to manage pending associations within Stratus.\n## Scopes\n---\n\nThere are 4 different available scopes, outlined below:\n- `ws-hp.com/pending-associations/association.CREATE`\n- `ws-hp.com/pending-associations/association.READ`\n- `ws-hp.com/pending-associations/association.UPDATE`\n- `ws-hp.com/pending-associations/association.DELETE`\n",
    "version" : "1.0.0"
  },
  "servers" : [ {
    "url" : "http://localhost:8080",
    "description" : "Local"
  }, {
    "url" : "https://stratus-dev.tropos-rnd.com/pending-associations",
    "description" : "Dev"
  }, {
    "url" : "https://stratus-pie.tropos-rnd.com/pending-associations",
    "description" : "PIE"
  }, {
    "url" : "https://stratus-stg.tropos-rnd.com/pending-associations",
    "description" : "Stage"
  }, {
    "url" : "https://stratus-pro.tropos-rnd.com/pending-associations",
    "description" : "Production"
  } ],
  "paths" : {
    "/v1/associations" : {
      "get" : {
        "tags" : [ "Basic" ],
        "summary" : "Fetches association by paginated list",
        "description" : "Gets the paginated list of associations\n## Scopes\n---\n```\nws-hp.com/pending-associations/association.READ\n```\n",
        "parameters" : [ {
          "name" : "offset",
          "in" : "query",
          "description" : "The offset to begin the page",
          "required" : false,
          "style" : "form",
          "explode" : true,
          "schema" : {
            "type" : "integer",
            "default" : 0
          }
        }, {
          "name" : "limit",
          "in" : "query",
          "description" : "The size of the page to return",
          "required" : false,
          "style" : "form",
          "explode" : true,
          "schema" : {
            "type" : "integer",
            "default" : 20
          }
        }, {
          "name" : "sortBy",
          "in" : "query",
          "description" : "Sort order to use for results",
          "required" : false,
          "style" : "form",
          "explode" : false,
          "schema" : {
            "type" : "array",
            "items" : {
              "pattern" : "^\\w+:(?:asc|desc)",
              "type" : "string",
              "example" : "createdAt:desc"
            }
          }
        }, {
          "name" : "search",
          "in" : "query",
          "description" : "A colon delimited key/value pair to search for, supporting nesting for keys with \".\" characters",
          "required" : false,
          "style" : "form",
          "explode" : true,
          "schema" : {
            "type" : "string",
            "example" : "search=metadata.description.greeting:hello"
          }
        } ],
        "responses" : {
          "200" : {
            "description" : "Successfully retrieved",
            "content" : {
              "application/json" : {
                "schema" : {
                  "$ref" : "#/components/schemas/pagedAssociationList"
                }
              }
            }
          },
          "400" : {
            "description" : "Invalid request parameters",
            "content" : {
              "application/json" : {
                "schema" : {
                  "$ref" : "#/components/schemas/error"
                }
              }
            }
          },
          "401" : {
            "description" : "Unauthorized",
            "content" : {
              "application/json" : {
                "schema" : {
                  "$ref" : "#/components/schemas/error"
                }
              }
            }
          }
        },
        "security" : [ {
          "stratus" : [ "ws-hp.com/pending-associations/association.READ" ]
        } ]
      },
      "post" : {
        "tags" : [ "Basic" ],
        "summary" : "Create new association with the specified content",
        "description" : "The Association entity\n## Scopes\n---\n```\nws-hp.com/pending-associations/association.CREATE\n```\n",
        "requestBody" : {
          "content" : {
            "application/json" : {
              "schema" : {
                "allOf" : [ {
                  "$ref" : "#/components/schemas/associationUpdate"
                }, {
                  "required" : [ "actions", "criteria", "tenantId" ]
                } ]
              }
            }
          }
        },
        "responses" : {
          "201" : {
            "description" : "Successfully created",
            "content" : {
              "application/json" : {
                "schema" : {
                  "$ref" : "#/components/schemas/association"
                }
              }
            }
          },
          "400" : {
            "description" : "Invalid request parameters",
            "content" : {
              "application/json" : {
                "schema" : {
                  "$ref" : "#/components/schemas/error"
                }
              }
            }
          },
          "401" : {
            "description" : "Unauthorized",
            "content" : {
              "application/json" : {
                "schema" : {
                  "$ref" : "#/components/schemas/error"
                }
              }
            }
          }
        },
        "security" : [ {
          "stratus" : [ "ws-hp.com/pending-associations/association.CREATE" ]
        } ]
      },
      "head" : {
        "tags" : [ "Basic" ],
        "summary" : "Counts all association by paginated list",
        "description" : "Counts the paginated list of associations\n## Scopes\n---\n```\nws-hp.com/pending-associations/association.READ\n```\n",
        "parameters" : [ {
          "name" : "offset",
          "in" : "query",
          "description" : "The offset to begin the page",
          "required" : false,
          "style" : "form",
          "explode" : true,
          "schema" : {
            "type" : "integer",
            "default" : 0
          }
        }, {
          "name" : "limit",
          "in" : "query",
          "description" : "The size of the page to return",
          "required" : false,
          "style" : "form",
          "explode" : true,
          "schema" : {
            "type" : "integer",
            "default" : 20
          }
        }, {
          "name" : "search",
          "in" : "query",
          "description" : "A colon delimited key/value pair to search for, supporting nesting for keys with \".\" characters",
          "required" : false,
          "style" : "form",
          "explode" : true,
          "schema" : {
            "type" : "string",
            "example" : "search=metadata.description.greeting:hello"
          }
        } ],
        "responses" : {
          "200" : {
            "description" : "Successfully retrieved",
            "headers" : {
              "content-range" : {
                "style" : "simple",
                "explode" : false,
                "schema" : {
                  "$ref" : "#/components/schemas/contentRange"
                }
              }
            }
          },
          "400" : {
            "description" : "Bad request"
          },
          "401" : {
            "description" : "Unauthorized request"
          }
        },
        "security" : [ {
          "stratus" : [ "ws-hp.com/pending-associations/association.READ" ]
        } ]
      }
    },
    "/v1/associations/${associationId}" : {
      "get" : {
        "tags" : [ "Basic" ],
        "summary" : "Fetches association by the supplied association ID",
        "description" : "Gets the association with specific ID\n## Scopes\n---\n```\nws-hp.com/pending-associations/association.READ\n```\n",
        "parameters" : [ {
          "name" : "associationId",
          "in" : "path",
          "description" : "Searches the dataset with the specific associationId",
          "required" : true,
          "style" : "simple",
          "explode" : false,
          "schema" : {
            "$ref" : "#/components/schemas/uuid"
          }
        } ],
        "responses" : {
          "200" : {
            "description" : "Successfully retrieved",
            "content" : {
              "application/json" : {
                "schema" : {
                  "$ref" : "#/components/schemas/association"
                }
              }
            }
          },
          "400" : {
            "description" : "Invalid request parameters",
            "content" : {
              "application/json" : {
                "schema" : {
                  "$ref" : "#/components/schemas/error"
                }
              }
            }
          },
          "401" : {
            "description" : "Unauthorized",
            "content" : {
              "application/json" : {
                "schema" : {
                  "$ref" : "#/components/schemas/error"
                }
              }
            }
          },
          "403" : {
            "description" : "Forbidden",
            "content" : {
              "application/json" : {
                "schema" : {
                  "$ref" : "#/components/schemas/error"
                }
              }
            }
          },
          "404" : {
            "description" : "The specified resource was not found",
            "content" : {
              "application/json" : {
                "schema" : {
                  "$ref" : "#/components/schemas/error"
                }
              }
            }
          }
        },
        "security" : [ {
          "stratus" : [ "ws-hp.com/pending-associations/association.READ" ]
        } ]
      },
      "put" : {
        "tags" : [ "Basic" ],
        "summary" : "Update an existing association specified by ID",
        "description" : "Update the association with specific ID. Note: only association in an \"open\" state can be edited.\n## Scopes\n---\n```\nws-hp.com/pending-associations/association.UPDATE\n```\n",
        "parameters" : [ {
          "name" : "associationId",
          "in" : "path",
          "description" : "Searches the dataset with the specific associationId",
          "required" : true,
          "style" : "simple",
          "explode" : false,
          "schema" : {
            "$ref" : "#/components/schemas/uuid"
          }
        } ],
        "requestBody" : {
          "description" : "The association to be updated with new association object",
          "content" : {
            "application/json" : {
              "schema" : {
                "allOf" : [ {
                  "$ref" : "#/components/schemas/associationUpdate"
                }, {
                  "required" : [ "actions", "criteria", "tenantId" ]
                } ]
              }
            }
          }
        },
        "responses" : {
          "200" : {
            "description" : "Successfully updated",
            "content" : {
              "application/json" : {
                "schema" : {
                  "$ref" : "#/components/schemas/association"
                }
              }
            }
          },
          "400" : {
            "description" : "Invalid request parameters",
            "content" : {
              "application/json" : {
                "schema" : {
                  "$ref" : "#/components/schemas/error"
                }
              }
            }
          },
          "401" : {
            "description" : "Unauthorized",
            "content" : {
              "application/json" : {
                "schema" : {
                  "$ref" : "#/components/schemas/error"
                }
              }
            }
          },
          "403" : {
            "description" : "Forbidden",
            "content" : {
              "application/json" : {
                "schema" : {
                  "$ref" : "#/components/schemas/error"
                }
              }
            }
          },
          "404" : {
            "description" : "The specified resource was not found",
            "content" : {
              "application/json" : {
                "schema" : {
                  "$ref" : "#/components/schemas/error"
                }
              }
            }
          },
          "409" : {
            "description" : "Conflict, when a change attempted",
            "content" : {
              "application/json" : {
                "schema" : {
                  "$ref" : "#/components/schemas/error"
                }
              }
            }
          }
        },
        "security" : [ {
          "stratus" : [ "ws-hp.com/pending-associations/association.UPDATE" ]
        } ]
      },
      "delete" : {
        "tags" : [ "Basic" ],
        "summary" : "Delete association, specified by Id",
        "description" : "Permanently Delete the association specified by ID.\n## Scopes\n---\n```\nws-hp.com/pending-associations/association.DELETE\n```\n",
        "parameters" : [ {
          "name" : "associationId",
          "in" : "path",
          "description" : "Searches the dataset with the specific associationId",
          "required" : true,
          "style" : "simple",
          "explode" : false,
          "schema" : {
            "$ref" : "#/components/schemas/uuid"
          }
        } ],
        "responses" : {
          "200" : {
            "description" : "Successfully deleted"
          },
          "401" : {
            "description" : "Unauthorized",
            "content" : {
              "application/json" : {
                "schema" : {
                  "$ref" : "#/components/schemas/error"
                }
              }
            }
          },
          "403" : {
            "description" : "Forbidden",
            "content" : {
              "application/json" : {
                "schema" : {
                  "$ref" : "#/components/schemas/error"
                }
              }
            }
          }
        },
        "security" : [ {
          "stratus" : [ "ws-hp.com/pending-associations/association.DELETE" ]
        } ]
      },
      "patch" : {
        "tags" : [ "Basic" ],
        "summary" : "Partially update an existing association specified by Id",
        "description" : "Update association partially with specific ID. Note: only association in an \"open\" state can be edited.\n## Scopes\n---\n```\nws-hp.com/pending-associations/association.UPDATE\n```\n",
        "parameters" : [ {
          "name" : "associationId",
          "in" : "path",
          "description" : "Searches the dataset with the specific associationId",
          "required" : true,
          "style" : "simple",
          "explode" : false,
          "schema" : {
            "$ref" : "#/components/schemas/uuid"
          }
        } ],
        "requestBody" : {
          "description" : "The partial values supplied to update the association with specified Id.",
          "content" : {
            "application/json" : {
              "schema" : {
                "$ref" : "#/components/schemas/associationUpdate"
              }
            }
          }
        },
        "responses" : {
          "200" : {
            "description" : "Successfully updated",
            "content" : {
              "application/json" : {
                "schema" : {
                  "$ref" : "#/components/schemas/association"
                }
              }
            }
          },
          "400" : {
            "description" : "Invalid request parameters",
            "content" : {
              "application/json" : {
                "schema" : {
                  "$ref" : "#/components/schemas/error"
                }
              }
            }
          },
          "401" : {
            "description" : "Unauthorized",
            "content" : {
              "application/json" : {
                "schema" : {
                  "$ref" : "#/components/schemas/error"
                }
              }
            }
          },
          "403" : {
            "description" : "Forbidden",
            "content" : {
              "application/json" : {
                "schema" : {
                  "$ref" : "#/components/schemas/error"
                }
              }
            }
          },
          "404" : {
            "description" : "The specified resource was not found",
            "content" : {
              "application/json" : {
                "schema" : {
                  "$ref" : "#/components/schemas/error"
                }
              }
            }
          },
          "409" : {
            "description" : "Conflict, when a change attempted",
            "content" : {
              "application/json" : {
                "schema" : {
                  "$ref" : "#/components/schemas/error"
                }
              }
            }
          }
        },
        "security" : [ {
          "stratus" : [ "ws-hp.com/pending-associations/association.UPDATE" ]
        } ]
      }
    }
  },
  "components" : {
    "schemas" : {
      "contentRange" : {
        "pattern" : "^[0-9]+-[0-9]+/[0-9]+",
        "type" : "string",
        "description" : "Content range of the request",
        "example" : "0-99/456"
      },
      "timestamp" : {
        "pattern" : "^([0-9]{4})-?(1[0-2]|0[1-9])-?(3[01]|0[1-9]|[12][0-9])$",
        "type" : "string",
        "description" : "ISO 8601 format timestamp",
        "example" : "2022-29-03 15:00:00.000"
      },
      "pagedAssociationList" : {
        "description" : "Paged list of association",
        "allOf" : [ {
          "$ref" : "#/components/schemas/pagedList"
        }, {
          "type" : "object",
          "properties" : {
            "contents" : {
              "type" : "array",
              "items" : {
                "$ref" : "#/components/schemas/association"
              }
            }
          }
        } ]
      },
      "pagedList" : {
        "type" : "object",
        "properties" : {
          "totalSize" : {
            "type" : "integer",
            "description" : "The total number of elements"
          }
        }
      },
      "associationUpdate" : {
        "type" : "object",
        "properties" : {
          "state" : {
            "$ref" : "#/components/schemas/state"
          },
          "tenantId" : {
            "type" : "string",
            "description" : "The ID of the tenant to apply the action(s) to"
          },
          "actions" : {
            "type" : "array",
            "description" : "The set of actions to take when the criteria is met",
            "items" : {
              "anyOf" : [ {
                "$ref" : "#/components/schemas/associateAction"
              }, {
                "$ref" : "#/components/schemas/associateConsentAction"
              }, {
                "$ref" : "#/components/schemas/updateMetadataAction"
              } ]
            }
          },
          "criteria" : {
            "type" : "array",
            "description" : "The criteria to check for without creation time and resolved at timestamp",
            "items" : {
              "$ref" : "#/components/schemas/criteriaUpdate"
            }
          },
          "metadata" : {
            "type" : "object",
            "description" : "Generic metadata on the association"
          }
        },
        "description" : "New Association entity"
      },
      "association" : {
        "description" : "Information about a pending association",
        "allOf" : [ {
          "$ref" : "#/components/schemas/associationUpdate"
        }, {
          "type" : "object",
          "properties" : {
            "id" : {
              "allOf" : [ {
                "description" : "ID of the pending association object"
              }, {
                "$ref" : "#/components/schemas/uuid"
              } ]
            },
            "criteria" : {
              "type" : "array",
              "items" : {
                "$ref" : "#/components/schemas/criteria"
              }
            },
            "actions" : {
              "type" : "array",
              "items" : {
                "$ref" : "#/components/schemas/action"
              }
            }
          }
        } ]
      },
      "error" : {
        "required" : [ "code", "message" ],
        "type" : "object",
        "properties" : {
          "code" : {
            "type" : "string"
          },
          "message" : {
            "type" : "string"
          }
        }
      },
      "uuid" : {
        "pattern" : "^[0-9a-f]{8}-[0-9a-f]{4}-[0-9a-f]{4}-[0-9a-f]{4}-[0-9a-f]{12}$",
        "type" : "string",
        "example" : "00000000-0000-0000-0000-000000000000"
      },
      "resource" : {
        "type" : "object",
        "properties" : {
          "type" : {
            "$ref" : "#/components/schemas/resourceType"
          },
          "id" : {
            "allOf" : [ {
              "description" : "The ID of the resource to apply the action to"
            }, {
              "$ref" : "#/components/schemas/resourceValue"
            } ]
          }
        },
        "description" : "The resource to apply the action to"
      },
      "resourceValue" : {
        "type" : "object",
        "properties" : {
          "type" : {
            "type" : "string",
            "description" : "The type of value",
            "enum" : [ "pointer", "string" ]
          },
          "value" : {
            "oneOf" : [ {
              "type" : "string",
              "description" : "A JSON pointer referencing a field in this association",
              "example" : "/criteria/0/resolvedWith/events/0/eventDetail/deviceId"
            }, {
              "type" : "string",
              "description" : "A static string",
              "example" : "someId"
            } ]
          }
        },
        "description" : "A pointer/string value"
      },
      "resourceType" : {
        "type" : "string",
        "description" : "The value can be printer, pc, or chromebook if the operation is `associate`. If the operation is `associateConsent` then user and device resources are mandatory, where user type would always be only `user` and device type could be `pc`/`printer`/`chromebook`.\n",
        "enum" : [ "printer", "pc", "chromebook", "user" ]
      },
      "associateAction" : {
        "type" : "object",
        "properties" : {
          "operation" : {
            "type" : "string",
            "enum" : [ "associate" ]
          },
          "resource" : {
            "$ref" : "#/components/schemas/resource"
          }
        },
        "description" : "Action to execute when all criteria are met\nThis operation should always have 1 resource with a `device` (`printer`, `pc`, or `chromebook`).\n"
      },
      "associateConsentAction" : {
        "type" : "object",
        "properties" : {
          "operation" : {
            "type" : "string",
            "enum" : [ "associateConsent" ]
          },
          "resources" : {
            "$ref" : "#/components/schemas/associateConsentAction_resources"
          }
        },
        "description" : "Action to execute when user's consent needs to be associated to devices\nThis operation should always have resources with 1 `user` and 1 `device` (`printer`, `pc`, or `chromebook`).\n"
      },
      "updateMetadataAction" : {
        "type" : "object",
        "properties" : {
          "operation" : {
            "type" : "string",
            "enum" : [ "updateMetadata" ]
          },
          "resources" : {
            "$ref" : "#/components/schemas/updateMetadataAction_resources"
          }
        },
        "description" : "Updates metadata on the association with hardcoded strings or other association details. Each supplied resource corresponds to a key in the metadata object, with the value indicating what it should be set to. To update a nested metadata value, use a `.` in the key. For example, if the key is `foo.bar`, this action will update the `bar` value in the `foo` object in the metadata.\n"
      },
      "action" : {
        "allOf" : [ {
          "$ref" : "#/components/schemas/associateAction"
        }, {
          "type" : "object",
          "properties" : {
            "completedAt" : {
              "$ref" : "#/components/schemas/timestamp"
            },
            "completedWith" : {
              "type" : "object",
              "description" : "A generic object containing information about the action completion"
            }
          }
        } ]
      },
      "criteriaUpdate" : {
        "type" : "object",
        "properties" : {
          "type" : {
            "$ref" : "#/components/schemas/criteriaType"
          },
          "details" : {
            "$ref" : "#/components/schemas/criteriaDetails"
          },
          "condition" : {
            "$ref" : "#/components/schemas/condition"
          }
        },
        "description" : "Criteria definition"
      },
      "criteria" : {
        "description" : "Definition of criteria to wait for",
        "allOf" : [ {
          "$ref" : "#/components/schemas/criteriaUpdate"
        }, {
          "type" : "object",
          "properties" : {
            "state" : {
              "$ref" : "#/components/schemas/criteriaState"
            },
            "createdAt" : {
              "$ref" : "#/components/schemas/timestamp"
            },
            "resolvedAt" : {
              "$ref" : "#/components/schemas/timestamp"
            },
            "resolvedWith" : {
              "type" : "object",
              "description" : "A generic object containing information about the resolution. For event-based criteria, this will contain the body of the resolving event."
            }
          }
        } ]
      },
      "criteriaType" : {
        "type" : "string",
        "description" : "The type of criteria",
        "enum" : [ "eventReceived" ]
      },
      "criteriaDetails" : {
        "description" : "Type specific details for the criteria",
        "oneOf" : [ {
          "type" : "object",
          "properties" : {
            "resource" : {
              "type" : "string",
              "description" : "The FQDN of the resource to listen for",
              "example" : "com.hp.stratus.iot.device.registration"
            },
            "type" : {
              "type" : "string",
              "description" : "The event type",
              "enum" : [ "ADDED", "UPDATED", "DELETED" ]
            }
          }
        } ]
      },
      "criteriaState" : {
        "type" : "string",
        "description" : "The current state of the criteria",
        "enum" : [ "pending", "resolved" ]
      },
      "state" : {
        "type" : "string",
        "description" : "State of the association",
        "enum" : [ "open", "pending", "cancelled", "completed" ]
      },
      "condition" : {
        "required" : [ "comparator", "value1", "value2" ],
        "type" : "object",
        "properties" : {
          "value1" : {
            "$ref" : "#/components/schemas/conditionValue"
          },
          "value2" : {
            "$ref" : "#/components/schemas/conditionValue"
          },
          "comparator" : {
            "$ref" : "#/components/schemas/conditionComparator"
          }
        }
      },
      "conditionValue" : {
        "required" : [ "type", "value" ],
        "properties" : {
          "type" : {
            "type" : "string",
            "description" : "The type of value",
            "enum" : [ "pointer", "string" ]
          },
          "value" : {
            "oneOf" : [ {
              "type" : "string",
              "description" : "A JSON pointer referencing a field in the event",
              "example" : "/events/0/eventDetail/serialNumber"
            }, {
              "type" : "string",
              "description" : "A raw string value",
              "example" : "someId"
            } ]
          }
        },
        "description" : "Value to compare"
      },
      "conditionComparator" : {
        "type" : "string",
        "description" : "The comparator to use",
        "enum" : [ "equals" ]
      },
      "associateConsentAction_resources" : {
        "type" : "object",
        "properties" : {
          "user" : {
            "$ref" : "#/components/schemas/resource"
          },
          "device" : {
            "$ref" : "#/components/schemas/resource"
          }
        }
      },
      "updateMetadataAction_resources" : {
        "type" : "object",
        "properties" : {
          "desiredMetadataKey" : {
            "$ref" : "#/components/schemas/resourceValue"
          }
        }
      }
    },
    "responses" : {
      "badRequest" : {
        "description" : "Invalid request parameters",
        "content" : {
          "application/json" : {
            "schema" : {
              "$ref" : "#/components/schemas/error"
            }
          }
        }
      },
      "notFound" : {
        "description" : "The specified resource was not found",
        "content" : {
          "application/json" : {
            "schema" : {
              "$ref" : "#/components/schemas/error"
            }
          }
        }
      },
      "unauthorized" : {
        "description" : "Unauthorized",
        "content" : {
          "application/json" : {
            "schema" : {
              "$ref" : "#/components/schemas/error"
            }
          }
        }
      },
      "forbidden" : {
        "description" : "Forbidden",
        "content" : {
          "application/json" : {
            "schema" : {
              "$ref" : "#/components/schemas/error"
            }
          }
        }
      },
      "conflict" : {
        "description" : "Conflict, when a change attempted",
        "content" : {
          "application/json" : {
            "schema" : {
              "$ref" : "#/components/schemas/error"
            }
          }
        }
      }
    },
    "parameters" : {
      "associationId" : {
        "name" : "associationId",
        "in" : "path",
        "description" : "Searches the dataset with the specific associationId",
        "required" : true,
        "style" : "simple",
        "explode" : false,
        "schema" : {
          "$ref" : "#/components/schemas/uuid"
        }
      },
      "search" : {
        "name" : "search",
        "in" : "query",
        "description" : "A colon delimited key/value pair to search for, supporting nesting for keys with \".\" characters",
        "required" : false,
        "style" : "form",
        "explode" : true,
        "schema" : {
          "type" : "string",
          "example" : "search=metadata.description.greeting:hello"
        }
      },
      "pageLimit" : {
        "name" : "limit",
        "in" : "query",
        "description" : "The size of the page to return",
        "required" : false,
        "style" : "form",
        "explode" : true,
        "schema" : {
          "type" : "integer",
          "default" : 20
        }
      },
      "pageOffset" : {
        "name" : "offset",
        "in" : "query",
        "description" : "The offset to begin the page",
        "required" : false,
        "style" : "form",
        "explode" : true,
        "schema" : {
          "type" : "integer",
          "default" : 0
        }
      },
      "sortBy" : {
        "name" : "sortBy",
        "in" : "query",
        "description" : "Sort order to use for results",
        "required" : false,
        "style" : "form",
        "explode" : false,
        "schema" : {
          "type" : "array",
          "items" : {
            "pattern" : "^\\w+:(?:asc|desc)",
            "type" : "string",
            "example" : "createdAt:desc"
          }
        }
      }
    },
    "securitySchemes" : {
      "stratus" : {
        "type" : "http",
        "description" : "Stratus Authorization token",
        "scheme" : "bearer",
        "bearerFormat" : "jwt"
      }
    }
  }
}